epoch,train_loss,train_accuracy,val_loss,val_accuracy,val_balanced_accuracy,val_macro_precision,val_macro_recall,val_macro_f1
1,1.1015739727737313,0.32894736842105265,1.0919934242291558,0.37593984962406013,0.3333333333333333,0.12531328320802004,0.3333333333333333,0.18214936247723135
2,1.1000326862908845,0.3082706766917293,1.1022454383678006,0.39097744360902253,0.35714285714285715,0.46055979643765904,0.35714285714285715,0.22860650705954574
3,1.1001123808380355,0.31954887218045114,1.0984194888208145,0.37593984962406013,0.3333333333333333,0.12531328320802004,0.3333333333333333,0.18214936247723135
